Workbook

Sheet Trang bìa
B2: [Tên hệ thống]
B5: KỊCH BẢN KIỂM THỬ — TEST CASE DOCUMENT
B7: Mã biểu mẫu: BM.QT.04.04 · Phiên bản: 1.0 · Ngày: dd/mm/yyyy
B10: THÔNG TIN DỰ ÁN
B11: Tên dự án | C11: ITS Mobile VEC — Ứng dụng di động vận hành ITS tuyến Nội Bài – Lào Cai
B12: Mã dự án | C12: ITS-MOBILE-VEC
B13: Khách hàng | C13: VEC — Tổng công ty đường cao tốc Việt Nam
B14: Đơn vị thực hiện | C14: Công ty Cổ phần Hệ thống Công nghệ ETC
B15: Phạm vi mô tả | C15: Ứng dụng di động iOS/Android cho nhân viên vận hành hiện trường tuyến cao tốc Nội Bài – Lào Cai. Cho phép nhân viên nhận nhiệm vụ xử lý sự cố từ Trung tâm điều hành (TMC), liên lạc nội bộ qua VoIP/PBX, cập nhật trạng thái xử lý theo thời gian thực, gửi ảnh/video hiện trường và gọi SOS khẩn cấp qua GSM.
B16: Công nghệ sử dụng | C16: React Native (iOS + Android) | React 18 + Vite 5 (prototype) | SIP/VoIP | FCM/APNs | REST API
B18: LỊCH SỬ THAY ĐỔI
B19: Ngày | C19: Phiên bản | D19: Loại | E19: Phạm vi | F19: Người sửa | G19: Người duyệt | H19: Ghi chú
B20: 30/04/2026 | C20: 1.0 | D20: Tạo mới | E20: Toàn bộ tài liệu | F20: Công ty Cổ phần Hệ thống Công nghệ ETC | G20: [CẦN BỔ SUNG]

Sheet Hướng dẫn
B2: HƯỚNG DẪN SỬ DỤNG TÀI LIỆU
B4: Tài liệu chứa toàn bộ kịch bản kiểm thử (test case) của hệ thống. Tester thực hiện theo các bước, ghi lại kết quả thực tế và liên kết bug nếu phát hiện.
B5: Cấu trúc tài liệu
B6: • Cover: Thông tin dự án + lịch sử thay đổi tài liệu.
B7: • Overview: Phạm vi kiểm thử, môi trường, tiêu chí entry/exit.
B8: • Dashboard: Tổng hợp kết quả kiểm thử (auto-update bằng công thức từ các sheet TC).
B9: • Tên chức năng: Test case giao diện — tester thao tác qua trình duyệt theo các bước.
B10: • Tên API: Test case API — tester gọi endpoint theo specification.
B11: • Danh sách lỗi: Danh sách lỗi phát hiện. Mỗi bug có ID, link tới TC, severity, status.
B12: • Test Data: Thư viện dữ liệu test (boundary values, fixtures).
B13: • Lookups: Danh sách giá trị dropdown (ẩn — không sửa).
B14: Quy trình thực hiện
... B23: Mức nghiêm trọng (Severity): Blocker = hệ thống không dùng được. Major = chức năng chính lỗi. Minor = chức năng phụ. Trivial = cosmetic/typo.

Sheet Tổng quan
B2: TỔNG QUAN KIỂM THỬ
B4: Phạm vi kiểm thử | C4: Ứng dụng di động iOS/Android cho nhân viên vận hành hiện trường tuyến cao tốc Nội Bài – Lào Cai. Cho phép nhân viên nhận nhiệm vụ xử lý sự cố từ Trung tâm điều hành (TMC), liên lạc nội bộ qua VoIP/PBX, cập nhật trạng thái xử lý theo thời gian thực, gửi ảnh/video hiện trường và gọi SOS khẩn cấp qua GSM.
B5: Đơn vị phát triển | C5: Công ty Cổ phần Hệ thống Công nghệ ETC
B6: Khách hàng | C6: VEC — Tổng công ty đường cao tốc Việt Nam
B7: Phiên bản hệ thống | C7: 1.0
B8: Công nghệ | C8: React Native (iOS + Android) | React 18 + Vite 5 (prototype) | SIP/VoIP | FCM/APNs | REST API
B9: Môi trường kiểm thử | C9: Web (Chrome/Edge/Firefox), backend localhost Docker
B10: Thời gian kiểm thử | C10: Tháng 05/2026
B11: Tester chính | C11: [Tester chính]
B12: Tiêu chí Entry | C12: Hệ thống đã build + deploy lên môi trường test; có test data đầy đủ; tester đã được training.
B13: Tiêu chí Exit | C13: 100% TC priority Rất cao + Cao đã thực hiện; pass rate ≥ 95%; không còn defect Blocker/Major mở.
B14: Test technique áp dụng | C14: ISTQB: Equivalence Partition, Boundary Value Analysis, Decision Table, State Transition, Error Guessing.
B15: Tham chiếu | C15: TKCS, TKCT, HDSD của hệ thống. Acceptance criteria nằm trong feature-catalog.json.

Sheet Tổng hợp kết quả
B2: BẢNG TỔNG HỢP KẾT QUẢ KIỂM THỬ
B4: 1. KẾT QUẢ TỔNG
B5: Phạm vi | C5: Tổng TC | D5: Pass | E5: Fail | F5: Blocked | G5: Skip | H5: Not-Run | I5: Pass rate | J5: Tỷ lệ thực hiện
B6: Tên chức năng | C6: =COUNTA('Tên chức năng'!A13:A1000) | D6: =COUNTIF('Tên chức năng'!I13:I1000,"Pass")+COUNTIF('Tên chức năng'!K13:K1000,"Pass") | E6: =COUNTIF('Tên chức năng'!I13:I1000,"Fail")+COUNTIF('Tên chức năng'!K13:K1000,"Fail") | F6: =COUNTIF('Tên chức năng'!I13:I1000,"Blocked")+COUNTIF('Tên chức năng'!K13:K1000,"Blocked") | G6: =COUNTIF('Tên chức năng'!I13:I1000,"Skip")+COUNTIF('Tên chức năng'!K13:K1000,"Skip") | H6: =C6-D6-E6-F6-G6 | I6: =IFERROR(D6/(D6+E6),0) | J6: =IFERROR((D6+E6+F6+G6)/C6,0)
B7: Tên API | C7: =COUNTA('Tên API'!A13:A1000) | D7: =COUNTIF('Tên API'!I13:I1000,"Pass")+COUNTIF('Tên API'!K13:K1000,"Pass") | E7: =COUNTIF('Tên API'!I13:I1000,"Fail")+COUNTIF('Tên API'!K13:K1000,"Fail") | F7: =COUNTIF('Tên API'!I13:I1000,"Blocked")+COUNTIF('Tên API'!K13:K1000,"Blocked") | G7: =COUNTIF('Tên API'!I13:I1000,"Skip")+COUNTIF('Tên API'!K13:K1000,"Skip") | H7: =C7-D7-E7-F7-G7 | I7: =IFERROR(D7/(D7+E7),0) | J7: =IFERROR((D7+E7+F7+G7)/C7,0)
B8: TỔNG | C8: =SUM(C6:C7) | D8: =SUM(D6:D7) | E8: =SUM(E6:E7) | F8: =SUM(F6:F7) | G8: =SUM(G6:G7) | H8: =SUM(H6:H7) | I8: =IFERROR(D8/(D8+E8),0) | J8: =IFERROR((D8+E8+F8+G8)/C8,0)
B11: 2. KẾT QUẢ THEO MỨC ƯU TIÊN
B12: Mức ưu tiên | C12: Tổng TC | D12: Pass | E12: Fail | F12: Blocked | G12: Pass rate
B13: Rất cao | C13: =COUNTIF('Tên chức năng'!C13:C1000,"Rất cao")+COUNTIF('Tên API'!C13:C1000,"Rất cao") | D13: =COUNTIFS('Tên chức năng'!C13:C1000,"Rất cao",'Tên chức năng'!I13:I1000,"Pass")+COUNTIFS('Tên API'!C13:C1000,"Rất cao",'Tên API'!I13:I1000,"Pass") | E13: =COUNTIFS('Tên chức năng'!C13:C1000,"Rất cao",'Tên chức năng'!I13:I1000,"Fail")+COUNTIFS('Tên API'!C13:C1000,"Rất cao",'Tên API'!I13:I1000,"Fail") | F13: =COUNTIFS('Tên chức năng'!C13:C1000,"Rất cao",'Tên chức năng'!I13:I1000,"Blocked")+COUNTIFS('Tên API'!C13:C1000,"Rất cao",'Tên API'!I13:I1000,"Blocked") | G13: =IFERROR(D13/(D13+E13),0)
B14: Cao | C14: =COUNTIF('Tên chức năng'!C13:C1000,"Cao")+COUNTIF('Tên API'!C13:C1000,"Cao") | D14: =COUNTIFS('Tên chức năng'!C13:C1000,"Cao",'Tên chức năng'!I13:I1000,"Pass")+COUNTIFS('Tên API'!C13:C1000,"Cao",'Tên API'!I13:I1000,"Pass") | E14: =COUNTIFS('Tên chức năng'!C13:C1000,"Cao",'Tên chức năng'!I13:I1000,"Fail")+COUNTIFS('Tên API'!C13:C1000,"Cao",'Tên API'!I13:I1000,"Fail") | F14: =COUNTIFS('Tên chức năng'!C13:C1000,"Cao",'Tên chức năng'!I13:I1000,"Blocked")+COUNTIFS('Tên API'!C13:C1000,"Cao",'Tên API'!I13:I1000,"Blocked") | G14: =IFERROR(D14/(D14+E14),0)
B15: Trung bình | C15: =COUNTIF('Tên chức năng'!C13:C1000,"Trung bình")+COUNTIF('Tên API'!C13:C1000,"Trung bình") | D15: =COUNTIFS('Tên chức năng'!C13:C1000,"Trung bình",'Tên chức năng'!I13:I1000,"Pass")+COUNTIFS('Tên API'!C13:C1000,"Trung bình",'Tên API'!I13:I1000,"Pass") | E15: =COUNTIFS('Tên chức năng'!C13:C1000,"Trung bình",'Tên chức năng'!I13:I1000,"Fail")+COUNTIFS('Tên API'!C13:C1000,"Trung bình",'Tên API'!I13:I1000,"Fail") | F15: =COUNTIFS('Tên chức năng'!C13:C1000,"Trung bình",'Tên chức năng'!I13:I1000,"Blocked")+COUNTIFS('Tên API'!C13:C1000,"Trung bình",'Tên API'!I13:I1000,"Blocked") | G15: =IFERROR(D15/(D15+E15),0)
B16: Thấp | C16: =COUNTIF('Tên chức năng'!C13:C1000,"Thấp")+COUNTIF('Tên API'!C13:C1000,"Thấp") | D16: =COUNTIFS('Tên chức năng'!C13:C1000,"Thấp",'Tên chức năng'!I13:I1000,"Pass")+COUNTIFS('Tên API'!C13:C1000,"Thấp",'Tên API'!I13:I1000,"Pass") | E16: =COUNTIFS('Tên chức năng'!C13:C1000,"Thấp",'Tên chức năng'!I13:I1000,"Fail")+COUNTIFS('Tên API'!C13:C1000,"Thấp",'Tên API'!I13:I1000,"Fail") | F16: =COUNTIFS('Tên chức năng'!C13:C1000,"Thấp",'Tên chức năng'!I13:I1000,"Blocked")+COUNTIFS('Tên API'!C13:C1000,"Thấp",'Tên API'!I13:I1000,"Blocked") | G16: =IFERROR(D16/(D16+E16),0)
B19: 3. PHÂN LOẠI LỖI
B20: Trạng thái lỗi | C20: Phân loại lỗi theo severity | G20: Tổng
C21: Blocker | D21: Major | E21: Minor | F21: Trivial
B22: Open | C22: =COUNTIFS('Tên chức năng'!I13:I1000,"Fail",'Tên chức năng'!D13:D1000,"Blocker",'Tên chức năng'!J13:J1000,"Open")+COUNTIFS('Tên chức năng'!K13:K1000,"Fail",'Tên chức năng'!D13:D1000,"Blocker",'Tên chức năng'!L13:L1000,"Open")+COUNTIFS('Tên API'!I13:I1000,"Fail",'Tên API'!D13:D1000,"Blocker",'Tên API'!J13:J1000,"Open")+COUNTIFS('Tên API'!K13:K1000,"Fail",'Tên API'!D13:D1000,"Blocker",'Tên API'!L13:L1000,"Open") | D22: =COUNTIFS('Tên chức năng'!I13:I1000,"Fail",'Tên chức năng'!D13:D1000,"Major",'Tên chức năng'!J13:J1000,"Open")+COUNTIFS('Tên chức năng'!K13:K1000,"Fail",'Tên chức năng'!D13:D1000,"Major",'Tên chức năng'!L13:L1000,"Open")+COUNTIFS('Tên API'!I13:I1000,"Fail",'Tên API'!D13:D1000,"Major",'Tên API'!J13:J1000,"Open")+COUNTIFS('Tên API'!K13:K1000,"Fail",'Tên API'!D13:D1000,"Major",'Tên API'!L13:L1000,"Open") | E22: =COUNTIFS('Tên chức năng'!I13:I1000,"Fail",'Tên chức năng'!D13:D1000,"Minor",'Tên chức năng'!J13:J1000,"Open")+COUNTIFS('Tên chức năng'!K13:K1000,"Fail",'Tên chức năng'!D13:D1000,"Minor",'Tên chức năng'!L13:L1000,"Open")+COUNTIFS('Tên API'!I13:I1000,"Fail",'Tên API'!D13:D1000,"Minor",'Tên API'!J13:J1000,"Open")+COUNTIFS('Tên API'!K13:K1000,"Fail",'Tên API'!D13:D1000,"Minor",'Tên API'!L13:L1000,"Open") | F22: =COUNTIFS('Tên chức năng'!I13:I1000,"Fail",'Tên chức năng'!D13:D1000,"Trivial",'Tên chức năng'!J13:J1000,"Open")+COUNTIFS('Tên chức năng'!K13:K1000,"Fail",'Tên chức năng'!D13:D1000,"Trivial",'Tên chức năng'!L13:L1000,"Open")+COUNTIFS('Tên API'!I13:I1000,"Fail",'Tên API'!D13:D1000,"Trivial",'Tên API'!J13:J1000,"Open")+COUNTIFS('Tên API'!K13:K1000,"Fail",'Tên API'!D13:D1000,"Trivial",'Tên API'!L13:L1000,"Open") | G22: =SUM(C22:F22)
B23: In-Progress | C23: =COUNTIFS('Tên chức năng'!I13:I1000,"Fail",'Tên chức năng'!D13:D1000,"Blocker",'Tên chức năng'!J13:J1000,"In-Progress")+COUNTIFS('Tên chức năng'!K13:K1000,"Fail",'Tên chức năng'!D13:D1000,"Blocker",'Tên chức năng'!L13:L1000,"In-Progress")+COUNTIFS('Tên API'!I13:I1000,"Fail",'Tên API'!D13:D1000,"Blocker",'Tên API'!J13:J1000,"In-Progress")+COUNTIFS('Tên API'!K13:K1000,"Fail",'Tên API'!D13:D1000,"Blocker",'Tên API'!L13:L1000,"In-Progress") | D23: =COUNTIFS('Tên chức năng'!I13:I1000,"Fail",'Tên chức năng'!D13:D1000,"Major",'Tên chức năng'!J13:J1000,"In-Progress")+COUNTIFS('Tên chức năng'!K13:K1000,"Fail",'Tên chức năng'!D13:D1000,"Major",'Tên chức năng'!L13:L1000,"In-Progress")+COUNTIFS('Tên API'!I13:I1000,"Fail",'Tên API'!D13:D1000,"Major",'Tên API'!J13:J1000,"In-Progress")+COUNTIFS('Tên API'!K13:K1000,"Fail",'Tên API'!D13:D1000,"Major",'Tên API'!L13:L1000,"In-Progress") | E23: =COUNTIFS('Tên chức năng'!I13:I1000,"Fail",'Tên chức năng'!D13:D1000,"Minor",'Tên chức năng'!J13:J1000,"In-Progress")+COUNTIFS('Tên chức năng'!K13:K1000,"Fail",'Tên chức năng'!D13:D1000,"Minor",'Tên chức năng'!L13:L1000,"In-Progress")+COUNTIFS('Tên API'!I13:I1000,"Fail",'Tên API'!D13:D1000,"Minor",'Tên API'!J13:J1000,"In-Progress")+COUNTIFS('Tên API'!K13:K1000,"Fail",'Tên API'!D13:D1000,"Minor",'Tên API'!L13:L1000,"In-Progress") | F23: =COUNTIFS('Tên chức năng'!I13:I1000,"Fail",'Tên chức năng'!D13:D1000,"Trivial",'Tên chức năng'!J13:J1000,"In-Progress")+COUNTIFS('Tên chức năng'!K13:K1000,"Fail",'Tên chức năng'!D13:D1000,"Trivial",'Tên chức năng'!L13:L1000,"In-Progress")+COUNTIFS('Tên API'!I13:I1000,"Fail",'Tên API'!D13:D1000,"Trivial",'Tên API'!J13:J1000,"In-Progress")+COUNTIFS('Tên API'!K13:K1000,"Fail",'Tên API'!D13:D1000,"Trivial",'Tên API'!L13:L1000,"In-Progress") | G23: =SUM(C23:F23)
B24: Closed | C24: =COUNTIFS('Tên chức năng'!I13:I1000,"Fail",'Tên chức năng'!D13:D1000,"Blocker",'Tên chức năng'!J13:J1000,"Closed")+COUNTIFS('Tên chức năng'!K13:K1000,"Fail",'Tên chức năng'!D13:D1000,"Blocker",'Tên chức năng'!L13:L1000,"Closed")+COUNTIFS('Tên API'!I13:I1000,"Fail",'Tên API'!D13:D1000,"Blocker",'Tên API'!J13:J1000,"Closed")+COUNTIFS('Tên API'!K13:K1000,"Fail",'Tên API'!D13:D1000,"Blocker",'Tên API'!L13:L1000,"Closed") | D24: =COUNTIFS('Tên chức năng'!I13:I1000,"Fail",'Tên chức năng'!D13:D1000,"Major",'Tên chức năng'!J13:J1000,"Closed")+COUNTIFS('Tên chức năng'!K13:K1000,"Fail",'Tên chức năng'!D13:D1000,"Major",'Tên chức năng'!L13:L1000,"Closed")+COUNTIFS('Tên API'!I13:I1000,"Fail",'Tên API'!D13:D1000,"Major",'Tên API'!J13:J1000,"Closed")+COUNTIFS('Tên API'!K13:K1000,"Fail",'Tên API'!D13:D1000,"Major",'Tên API'!L13:L1000,"Closed") | E24: =COUNTIFS('Tên chức năng'!I13:I1000,"Fail",'Tên chức năng'!D13:D1000,"Minor",'Tên chức năng'!J13:J1000,"Closed")+COUNTIFS('Tên chức năng'!K13:K1000,"Fail",'Tên chức năng'!D13:D1000,"Minor",'Tên chức năng'!L13:L1000,"Closed")+COUNTIFS('Tên API'!I13:I1000,"Fail",'Tên API'!D13:D1000,"Minor",'Tên API'!J13:J1000,"Closed")+COUNTIFS('Tên API'!K13:K1000,"Fail",'Tên API'!D13:D1000,"Minor",'Tên API'!L13:L1000,"Closed") | F24: =COUNTIFS('Tên chức năng'!I13:I1000,"Fail",'Tên chức năng'!D13:D1000,"Trivial",'Tên chức năng'!J13:J1000,"Closed")+COUNTIFS('Tên chức năng'!K13:K1000,"Fail",'Tên chức năng'!D13:D1000,"Trivial",'Tên chức năng'!L13:L1000,"Closed")+COUNTIFS('Tên API'!I13:I1000,"Fail",'Tên API'!D13:D1000,"Trivial",'Tên API'!J13:J1000,"Closed")+COUNTIFS('Tên API'!K13:K1000,"Fail",'Tên API'!D13:D1000,"Trivial",'Tên API'!L13:L1000,"Closed") | G24: =SUM(C24:F24)
B25: Resolved | C25: =COUNTIFS('Tên chức năng'!I13:I1000,"Fail",'Tên chức năng'!D13:D1000,"Blocker",'Tên chức năng'!J13:J1000,"Resolved")+COUNTIFS('Tên chức năng'!K13:K1000,"Fail",'Tên chức năng'!D13:D1000,"Blocker",'Tên chức năng'!L13:L1000,"Resolved")+COUNTIFS('Tên API'!I13:I1000,"Fail",'Tên API'!D13:D1000,"Blocker",'Tên API'!J13:J1000,"Resolved")+COUNTIFS('Tên API'!K13:K1000,"Fail",'Tên API'!D13:D1000,"Blocker",'Tên API'!L13:L1000,"Resolved") | D25: =COUNTIFS('Tên chức năng'!I13:I1000,"Fail",'Tên chức năng'!D13:D1000,"Major",'Tên chức năng'!J13:J1000,"Resolved")+COUNTIFS('Tên chức năng'!K13:K1000,"Fail",'Tên chức năng'!D13:D1000,"Major",'Tên chức năng'!L13:L1000,"Resolved")+COUNTIFS('Tên API'!I13:I1000,"Fail",'Tên API'!D13:D1000,"Major",'Tên API'!J13:J1000,"Resolved")+COUNTIFS('Tên API'!K13:K1000,"Fail",'Tên API'!D13:D1000,"Major",'Tên API'!L13:L1000,"Resolved") | E25: =COUNTIFS('Tên chức năng'!I13:I1000,"Fail",'Tên chức năng'!D13:D1000,"Minor",'Tên chức năng'!J13:J1000,"Resolved")+COUNTIFS('Tên chức năng'!K13:K1000,"Fail",'Tên chức năng'!D13:D1000,"Minor",'Tên chức năng'!L13:L1000,"Resolved")+COUNTIFS('Tên API'!I13:I1000,"Fail",'Tên API'!D13:D1000,"Minor",'Tên API'!J13:J1000,"Resolved")+COUNTIFS('Tên API'!K13:K1000,"Fail",'Tên API'!D13:D1000,"Minor",'Tên API'!L13:L1000,"Resolved") | F25: =COUNTIFS('Tên chức năng'!I13:I1000,"Fail",'Tên chức năng'!D13:D1000,"Trivial",'Tên chức năng'!J13:J1000,"Resolved")+COUNTIFS('Tên chức năng'!K13:K1000,"Fail",'Tên chức năng'!D13:D1000,"Trivial",'Tên chức năng'!L13:L1000,"Resolved")+COUNTIFS('Tên API'!I13:I1000,"Fail",'Tên API'!D13:D1000,"Trivial",'Tên API'!J13:J1000,"Resolved")+COUNTIFS('Tên API'!K13:K1000,"Fail",'Tên API'!D13:D1000,"Trivial",'Tên API'!L13:L1000,"Resolved") | G25: =SUM(C25:F25)
B26: Mọi trạng thái | C26: =SUM(C22:C25) | D26: =SUM(D22:D25) | E26: =SUM(E22:E25) | F26: =SUM(F22:F25) | G26: =SUM(C26:F26)
B28: 4. KẾT QUẢ THEO PHÂN HỆ (MODULE)
B29: Phân hệ | C29: Tổng TC | D29: Pass | E29: Fail | F29: Blocked | G29: Pass rate
B30: m01 | C30: =COUNTIF('Tên chức năng'!B13:B1000,"[m01]*")+COUNTIF('Tên API'!B13:B1000,"[m01]*") | D30: =COUNTIFS('Tên chức năng'!B13:B1000,"[m01]*",'Tên chức năng'!I13:I1000,"Pass")+COUNTIFS('Tên API'!B13:B1000,"[m01]*",'Tên API'!I13:I1000,"Pass") | E30: =COUNTIFS('Tên chức năng'!B13:B1000,"[m01]*",'Tên chức năng'!I13:I1000,"Fail")+COUNTIFS('Tên API'!B13:B1000,"[m01]*",'Tên API'!I13:I1000,"Fail") | F30: =COUNTIFS('Tên chức năng'!B13:B1000,"[m01]*",'Tên chức năng'!I13:I1000,"Blocked")+COUNTIFS('Tên API'!B13:B1000,"[m01]*",'Tên API'!I13:I1000,"Blocked") | G30: =IFERROR(D30/(D30+E30),0)
B31: m02 | C31: =COUNTIF('Tên chức năng'!B13:B1000,"[m02]*")+COUNTIF('Tên API'!B13:B1000,"[m02]*") | D31: =COUNTIFS('Tên chức năng'!B13:B1000,"[m02]*",'Tên chức năng'!I13:I1000,"Pass")+COUNTIFS('Tên API'!B13:B1000,"[m02]*",'Tên API'!I13:I1000,"Pass") | E31: =COUNTIFS('Tên chức năng'!B13:B1000,"[m02]*",'Tên chức năng'!I13:I1000,"Fail")+COUNTIFS('Tên API'!B13:B1000,"[m02]*",'Tên API'!I13:I1000,"Fail") | F31: =COUNTIFS('Tên chức năng'!B13:B1000,"[m02]*",'Tên chức năng'!I13:I1000,"Blocked")+COUNTIFS('Tên API'!B13:B1000,"[m02]*",'Tên API'!I13:I1000,"Blocked") | G31: =IFERROR(D31/(D31+E31),0)
B32: m03 | C32: =COUNTIF('Tên chức năng'!B13:B1000,"[m03]*")+COUNTIF('Tên API'!B13:B1000,"[m03]*") | D32: =COUNTIFS('Tên chức năng'!B13:B1000,"[m03]*",'Tên chức năng'!I13:I1000,"Pass")+COUNTIFS('Tên API'!B13:B1000,"[m03]*",'Tên API'!I13:I1000,"Pass") | E32: =COUNTIFS('Tên chức năng'!B13:B1000,"[m03]*",'Tên chức năng'!I13:I1000,"Fail")+COUNTIFS('Tên API'!B13:B1000,"[m03]*",'Tên API'!I13:I1000,"Fail") | F32: =COUNTIFS('Tên chức năng'!B13:B1000,"[m03]*",'Tên chức năng'!I13:I1000,"Blocked")+COUNTIFS('Tên API'!B13:B1000,"[m03]*",'Tên API'!I13:I1000,"Blocked") | G32: =IFERROR(D32/(D32+E32),0)
B33: m04 | C33: =COUNTIF('Tên chức năng'!B13:B1000,"[m04]*")+COUNTIF('Tên API'!B13:B1000,"[m04]*") | D33: =COUNTIFS('Tên chức năng'!B13:B1000,"[m04]*",'Tên chức năng'!I13:I1000,"Pass")+COUNTIFS('Tên API'!B13:B1000,"[m04]*",'Tên API'!I13:I1000,"Pass") | E33: =COUNTIFS('Tên chức năng'!B13:B1000,"[m04]*",'Tên chức năng'!I13:I1000,"Fail")+COUNTIFS('Tên API'!B13:B1000,"[m04]*",'Tên API'!I13:I1000,"Fail") | F33: =COUNTIFS('Tên chức năng'!B13:B1000,"[m04]*",'Tên chức năng'!I13:I1000,"Blocked")+COUNTIFS('Tên API'!B13:B1000,"[m04]*",'Tên API'!I13:I1000,"Blocked") | G33: =IFERROR(D33/(D33+E33),0)
B34: m05 | C34: =COUNTIF('Tên chức năng'!B13:B1000,"[m05]*")+COUNTIF('Tên API'!B13:B1000,"[m05]*") | D34: =COUNTIFS('Tên chức năng'!B13:B1000,"[m05]*",'Tên chức năng'!I13:I1000,"Pass")+COUNTIFS('Tên API'!B13:B1000,"[m05]*",'Tên API'!I13:I1000,"Pass") | E34: =COUNTIFS('Tên chức năng'!B13:B1000,"[m05]*",'Tên chức năng'!I13:I1000,"Fail")+COUNTIFS('Tên API'!B13:B1000,"[m05]*",'Tên API'!I13:I1000,"Fail") | F34: =COUNTIFS('Tên chức năng'!B13:B1000,"[m05]*",'Tên chức năng'!I13:I1000,"Blocked")+COUNTIFS('Tên API'!B13:B1000,"[m05]*",'Tên API'!I13:I1000,"Blocked") | G34: =IFERROR(D34/(D34+E34),0)
B35: m06 | C35: =COUNTIF('Tên chức năng'!B13:B1000,"[m06]*")+COUNTIF('Tên API'!B13:B1000,"[m06]*") | D35: =COUNTIFS('Tên chức năng'!B13:B1000,"[m06]*",'Tên chức năng'!I13:I1000,"Pass")+COUNTIFS('Tên API'!B13:B1000,"[m06]*",'Tên API'!I13:I1000,"Pass") | E35: =COUNTIFS('Tên chức năng'!B13:B1000,"[m06]*",'Tên chức năng'!I13:I1000,"Fail")+COUNTIFS('Tên API'!B13:B1000,"[m06]*",'Tên API'!I13:I1000,"Fail") | F35: =COUNTIFS('Tên chức năng'!B13:B1000,"[m06]*",'Tên chức năng'!I13:I1000,"Blocked")+COUNTIFS('Tên API'!B13:B1000,"[m06]*",'Tên API'!I13:I1000,"Blocked") | G35: =IFERROR(D35/(D35+E35),0)
B36: m07 | C36: =COUNTIF('Tên chức năng'!B13:B1000,"[m07]*")+COUNTIF('Tên API'!B13:B1000,"[m07]*") | D36: =COUNTIFS('Tên chức năng'!B13:B1000,"[m07]*",'Tên chức năng'!I13:I1000,"Pass")+COUNTIFS('Tên API'!B13:B1000,"[m07]*",'Tên API'!I13:I1000,"Pass") | E36: =COUNTIFS('Tên chức năng'!B13:B1000,"[m07]*",'Tên chức năng'!I13:I1000,"Fail")+COUNTIFS('Tên API'!B13:B1000,"[m07]*",'Tên API'!I13:I1000,"Fail") | F36: =COUNTIFS('Tên chức năng'!B13:B1000,"[m07]*",'Tên chức năng'!I13:I1000,"Blocked")+COUNTIFS('Tên API'!B13:B1000,"[m07]*",'Tên API'!I13:I1000,"Blocked") | G36: =IFERROR(D36/(D36+E36),0)
B37: m08 | C37: =COUNTIF('Tên chức năng'!B13:B1000,"[m08]*")+COUNTIF('Tên API'!B13:B1000,"[m08]*") | D37: =COUNTIFS('Tên chức năng'!B13:B1000,"[m08]*",'Tên chức năng'!I13:I1000,"Pass")+COUNTIFS('Tên API'!B13:B1000,"[m08]*",'Tên API'!I13:I1000,"Pass") | E37: =COUNTIFS('Tên chức năng'!B13:B1000,"[m08]*",'Tên chức năng'!I13:I1000,"Fail")+COUNTIFS('Tên API'!B13:B1000,"[m08]*",'Tên API'!I13:I1000,"Fail") | F37: =COUNTIFS('Tên chức năng'!B13:B1000,"[m08]*",'Tên chức năng'!I13:I1000,"Blocked")+COUNTIFS('Tên API'!B13:B1000,"[m08]*",'Tên API'!I13:I1000,"Blocked") | G37: =IFERROR(D37/(D37+E37),0)
B38: m09 | C38: =COUNTIF('Tên chức năng'!B13:B1000,"[m09]*")+COUNTIF('Tên API'!B13:B1000,"[m09]*") | D38: =COUNTIFS('Tên chức năng'!B13:B1000,"[m09]*",'Tên chức năng'!I13:I1000,"Pass")+COUNTIFS('Tên API'!B13:B1000,"[m09]*",'Tên API'!I13:I1000,"Pass") | E38: =COUNTIFS('Tên chức năng'!B13:B1000,"[m09]*",'Tên chức năng'!I13:I1000,"Fail")+COUNTIFS('Tên API'!B13:B1000,"[m09]*",'Tên API'!I13:I1000,"Fail") | F38: =COUNTIFS('Tên chức năng'!B13:B1000,"[m09]*",'Tên chức năng'!I13:I1000,"Blocked")+COUNTIFS('Tên API'!B13:B1000,"[m09]*",'Tên API'!I13:I1000,"Blocked") | G38: =IFERROR(D38/(D38+E38),0)
B39: m10 | C39: =COUNTIF('Tên chức năng'!B13:B1000,"[m10]*")+COUNTIF('Tên API'!B13:B1000,"[m10]*") | D39: =COUNTIFS('Tên chức năng'!B13:B1000,"[m10]*",'Tên chức năng'!I13:I1000,"Pass")+COUNTIFS('Tên API'!B13:B1000,"[m10]*",'Tên API'!I13:I1000,"Pass") | E39: =COUNTIFS('Tên chức năng'!B13:B1000,"[m10]*",'Tên chức năng'!I13:I1000,"Fail")+COUNTIFS('Tên API'!B13:B1000,"[m10]*",'Tên API'!I13:I1000,"Fail") | F39: =COUNTIFS('Tên chức năng'!B13:B1000,"[m10]*",'Tên chức năng'!I13:I1000,"Blocked")+COUNTIFS('Tên API'!B13:B1000,"[m10]*",'Tên API'!I13:I1000,"Blocked") | G39: =IFERROR(D39/(D39+E39),0)
B40: m11 | C40: =COUNTIF('Tên chức năng'!B13:B1000,"[m11]*")+COUNTIF('Tên API'!B13:B1000,"[m11]*") | D40: =COUNTIFS('Tên chức năng'!B13:B1000,"[m11]*",'Tên chức năng'!I13:I1000,"Pass")+COUNTIFS('Tên API'!B13:B1000,"[m11]*",'Tên API'!I13:I1000,"Pass") | E40: =COUNTIFS('Tên chức năng'!B13:B1000,"[m11]*",'Tên chức năng'!I13:I1000,"Fail")+COUNTIFS('Tên API'!B13:B1000,"[m11]*",'Tên API'!I13:I1000,"Fail") | F40: =COUNTIFS('Tên chức năng'!B13:B1000,"[m11]*",'Tên chức năng'!I13:I1000,"Blocked")+COUNTIFS('Tên API'!B13:B1000,"[m11]*",'Tên API'!I13:I1000,"Blocked") | G40: =IFERROR(D40/(D40+E40),0)
B41: m12 | C41: =COUNTIF('Tên chức năng'!B13:B1000,"[m12]*")+COUNTIF('Tên API'!B13:B1000,"[m12]*") | D41: =COUNTIFS('Tên chức năng'!B13:B1000,"[m12]*",'Tên chức năng'!I13:I1000,"Pass")+COUNTIFS('Tên API'!B13:B1000,"[m12]*",'Tên API'!I13:I1000,"Pass") | E41: =COUNTIFS('Tên chức năng'!B13:B1000,"[m12]*",'Tên chức năng'!I13:I1000,"Fail")+COUNTIFS('Tên API'!B13:B1000,"[m12]*",'Tên API'!I13:I1000,"Fail") | F41: =COUNTIFS('Tên chức năng'!B13:B1000,"[m12]*",'Tên chức năng'!I13:I1000,"Blocked")+COUNTIFS('Tên API'!B13:B1000,"[m12]*",'Tên API'!I13:I1000,"Blocked") | G41: =IFERROR(D41/(D41+E41),0)
B42: m13 | C42: =COUNTIF('Tên chức năng'!B13:B1000,"[m13]*")+COUNTIF('Tên API'!B13:B1000,"[m13]*") | D42: =COUNTIFS('Tên chức năng'!B13:B1000,"[m13]*",'Tên chức năng'!I13:I1000,"Pass")+COUNTIFS('Tên API'!B13:B1000,"[m13]*",'Tên API'!I13:I1000,"Pass") | E42: =COUNTIFS('Tên chức năng'!B13:B1000,"[m13]*",'Tên chức năng'!I13:I1000,"Fail")+COUNTIFS('Tên API'!B13:B1000,"[m13]*",'Tên API'!I13:I1000,"Fail") | F42: =COUNTIFS('Tên chức năng'!B13:B1000,"[m13]*",'Tên chức năng'!I13:I1000,"Blocked")+COUNTIFS('Tên API'!B13:B1000,"[m13]*",'Tên API'!I13:I1000,"Blocked") | G42: =IFERROR(D42/(D42+E42),0)
B45: Quy ước màu Pass rate:
B46: 🟥 < 70% (block) | C46: 🟨 70-94% (warning) | E46: 🟩 ≥ 95% (good)

Sheet Tên chức năng
A1: TÊN CHỨC NĂNG
A2: Tên hệ thống: | B2: ITS Mobile VEC — Ứng dụng di động vận hành ITS tuyến Nội Bài – Lào Cai
A3: Phiên bản: | B3: 1.0
A4: Người chuẩn bị: | B4: [CẦN BỔ SUNG: Tester]
A11: Mã TC | B11: Mục đích | C11: Mức ưu tiên | D11: Mức nghiêm trọng | E11: Tiền điều kiện | F11: Dữ liệu test | G11: Các bước thực hiện | H11: Kết quả mong đợi | I11: Kết quả lần 1 | K11: Kết quả lần 2 | M11: ID Bug | N11: Ghi chú
I12: Kết quả | J12: Trạng thái | K12: Kết quả | L12: Trạng thái
A13: TC-001 | B13: Đăng nhập thành công với extension và mật khẩu hợp lệ | C13: Rất cao | D13: Major | E13: Ứng dụng đã cài đặt, thiết bị có kết nối internet, tài khoản nhân viên tồn tại trong hệ thống. | G13: Bước 1: Mở ứng dụng ITS Mobile VEC Bước 2: Nhập extension hợp lệ (ví dụ: 1001) Bước 3: Nhập mật khẩu đúng Bước 4: Nhấn nút Đăng nhập Bước 5: Chờ kết quả | H13: Bước 1: Màn hình đăng nhập hiển thị với 2 trường nhập: Extension và Mật khẩu Bước 2: Trường Extension nhận giá trị Bước 3: Mật khẩu hiển thị dạng ẩn (****) Bước 4: Ứng dụng gửi yêu cầu xác thực, hiển thị loading Bước 5: Chuyển sang màn hình chính, hiển thị tên nhân viên và trạng thái sẵn sàng
A14: TC-002 | B14: Đăng nhập thất bại khi extension không tồn tại | C14: Rất cao | D14: Major | E14: Ứng dụng đã cài đặt, thiết bị có kết nối internet. | G14: Bước 1: Mở ứng dụng, nhập extension không tồn tại (ví dụ: 9999) Bước 2: Nhập mật khẩu bất kỳ Bước 3: Nhấn nút Đăng nhập | H14: Bước 1: Trường Extension nhận giá trị Bước 2: Trường Mật khẩu nhận giá trị Bước 3: Ứng dụng gửi yêu cầu xác thực
A15: TC-003 | B15: Đăng nhập thất bại khi mật khẩu sai | C15: Cao | D15: Major | E15: Ứng dụng đã cài đặt, tài khoản hợp lệ tồn tại trong hệ thống. | G15: Bước 1: Mở ứng dụng, nhập extension hợp lệ Bước 2: Nhập mật khẩu sai Bước 3: Nhấn nút Đăng nhập | H15: Bước 1: Trường Extension nhận giá trị Bước 2: Trường Mật khẩu nhận giá trị (ẩn) Bước 3: Ứng dụng gửi yêu cầu xác thực
A16: TC-004 | B16: Đăng nhập thất bại khi để trống trường Extension | C16: Trung bình | D16: Major | E16: Ứng dụng đã cài đặt. | G16: Bước 1: Mở ứng dụng, bỏ trống trường Extension Bước 2: Nhập mật khẩu bất kỳ Bước 3: Nhấn nút Đăng nhập | H16: Bước 1: Trường Extension rỗng Bước 2: Trường Mật khẩu nhận giá trị Bước 3: Ứng dụng kiểm tra validation
A17: TC-005 | B17: Đăng nhập khi không có kết nối mạng | C17: Cao | D17: Major | E17: Ứng dụng đã cài đặt, thiết bị TẮT Wi-Fi và dữ liệu di động. | G17: Bước 1: Mở ứng dụng, nhập extension và mật khẩu hợp lệ Bước 2: Nhấn nút Đăng nhập | H17: Bước 1: Màn hình đăng nhập hiển thị Bước 2: Ứng dụng thử kết nối đến server
A18: TC-006 | B18: Đăng xuất thành công từ menu | C18: Cao | D18: Major | E18: Nhân viên đã đăng nhập thành công, đang ở màn hình chính. | G18: Bước 1: Nhấn vào menu/icon tài khoản hoặc nút Đăng xuất Bước 2: Xác nhận đăng xuất Bước 3: Chờ kết quả | H18: Bước 1: Hiển thị xác nhận đăng xuất Bước 2: Hệ thống xử lý đăng xuất Bước 3: Chuyển về màn hình đăng nhập, JWT bị xóa khỏi storage
A19: TC-007 | B19: Tắt ứng dụng và mở lại kiểm tra trạng thái đăng nhập | C19: Trung bình | D19: Major | E19: Nhân viên đã đăng nhập, token còn hiệu lực. | G19: Bước 1: Tắt ứng dụng (chạy nền/foreground) Bước 2: Mở lại ứng dụng Bước 3: Chờ kết quả | H19: Bước 1: Ứng dụng đóng Bước 2: Ứng dụng khởi động Bước 3: Kiểm tra trạng thái
A20: TC-008 | B20: Gọi VoIP nội bộ thành công đến extension khác | C20: Rất cao | D20: Major | E20: Nhân viên đã đăng nhập, kết nối VoIP đến tổng đài PBX thành công, thiết bị có micro và loa. | G20: Bước 1: Vào danh bạ nội bộ, chọn một extension để gọi Bước 2: Nhấn nút Gọi Bước 3: Chờ người nhận bắt máy Bước 4: Nói chuyện bình thường Bước 5: Nhấn nút Kết thúc gọi Bước 6: Chờ màn hình | H20: Bước 1: Hiển thị thông tin extension đích Bước 2: Hệ thống SIP thiết lập phiên gọi, hiển thị màn hình cuộc gọi Bước 3: Kết nối được thiết lập, hiển thị "Đang gọi" Bước 4: Âm thanh truyền theo 2 chiều rõ ràng Bước 5: SIP BYE được gửi, kết nối đóng lại Bước 6: Trở về màn hình trước đó, hiển thị lịch sử cuộc gọi
A21: TC-009 | B21: Cuộc gọi bị từ chối vì extension đích bận | C21: Cao | D21: Major | E21: Nhân viên đã đăng nhập, kết nối VoIP hoạt động, extension đích đang trong cuộc gọi khác. | G21: Bước 1: Chọn extension đích đang bận, nhấn nút Gọi Bước 2: Chờ kết quả | H21: Bước 1: Hệ thống gửi yêu cầu gọi Bước 2: Nhận tín hiệu "Busy" từ tổng đài
A22: TC-010 | B22: Mất kết nối VoIP trong khi gọi | C22: Cao | D22: Major | E22: Đang trong cuộc gọi VoIP, sau đó mất kết nối mạng. | G22: Bước 1: Tắt Wi-Fi/dữ liệu trong khi đang có cuộc gọi Bước 2: Chờ kết quả | H22: Bước 1: Mạng bị mất Bước 2: Hệ thống phát hiện mất kết nối SIP
A23: TC-011 | B23: Xem danh sách toàn bộ danh bạ nội bộ | C23: Cao | D23: Major | E23: Nhân viên đã đăng nhập, dữ liệu danh bạ đã được đồng bộ từ server. | G23: Bước 1: Vào menu Danh bạ hoặc Liên hệ Bước 2: Xem danh sách | H23: Bước 1: Hiển thị màn hình danh bạ Bước 2: Hiển thị danh sách nhân viên/phòng ban với tên, extension, trạng thái
A24: TC-012 | B24: Tìm kiếm nhanh trong danh bạ | C24: Trung bình | D24: Major | E24: Nhân viên đã đăng nhập, danh bạ đã tải. | G24: Bước 1: Ở màn hình danh bạ, nhập từ khóa vào ô tìm kiếm Bước 2: Nhập tên hoặc extension (ví dụ: "1002") Bước 3: Xem kết quả | H24: Bước 1: Ô tìm kiếm nhận giá trị Bước 2: Danh sách lọc theo từ khóa Bước 3: Chỉ hiển thị các mục khớp với từ khóa
... A42: TC-030 | B42: Đăng ký device token khi cài đặt lần đầu | C42: Cao | D42: Major | E42: Người dùng cài đặt ứng dụng lần đầu, chưa đăng nhập. | G42: Bước 1: Mở ứng dụng lần đầu sau khi cài đặt Bước 2: Chấp nhận quyền thông báo (iOS) Bước 3: Đăng nhập thành công Bước 4: Gửi token lên server | H42: Bước 1: Ứng dụng yêu cầu quyền gửi thông báo (iOS) hoặc tự động (Android) Bước 2: Hệ thống cấp phép Bước 3: Ứng dụng lấy FCM/APNs device token Bước 4: PATCH /users/:id/device-token được gọi với token mới

Sheet Tên API
A1: TÊN API
A2: Tên hệ thống: | B2: ITS Mobile VEC — Ứng dụng di động vận hành ITS tuyến Nội Bài – Lào Cai
A3: Phiên bản: | B3: 1.0
A4: Người chuẩn bị: | B4: [CẦN BỔ SUNG: Tester]
A11: Mã TC | B11: Mục đích | C11: Mức ưu tiên | D11: Mức nghiêm trọng | E11: Tiền điều kiện | F11: Dữ liệu test | G11: Các bước thực hiện | H11: Kết quả mong đợi | I11: Kết quả lần 1 | K11: Kết quả lần 2 | M11: ID Bug | N11: Ghi chú
I12: Kết quả | J12: Trạng thái | K12: Kết quả | L12: Trạng thái
A13: TC-API-001 | B13: [GET /api/tasks] Lấy danh sách nhiệm vụ của nhân viên — trả về 200 | C13: Rất cao | D13: Nhân viên đã đăng nhập, JWT hợp lệ. Có ít nhất 1 nhiệm vụ trong DB. | E13: Authorization: Bearer <JWT-hợp-lệ> | F13: Bước 1: Gửi GET /api/tasks với header Authorization: Bearer <JWT> Bước 2: Server truy vấn DB lấy danh sách nhiệm vụ của nhân viên Bước 3: Kiểm tra HTTP status code của response Bước 4: Kiểm tra body response | G13: Bước 1: Server nhận yêu cầu HTTP Bước 2: Truy vấn thành công Bước 3: Status code là 200 OK Bước 4: Body chứa mảng tasks[], mỗi item có: id, title, status, created_at, location
A14: TC-API-002 | B14: [GET /api/tasks/:id] Lấy chi tiết nhiệm vụ theo ID hợp lệ — trả về 200 | C14: Cao | D14: Nhân viên đã đăng nhập, JWT hợp lệ. Nhiệm vụ ID=123 tồn tại trong DB. | E14: Authorization: Bearer <JWT>; task_id=123 | F14: Bước 1: Gửi GET /api/tasks/123 với header Authorization hợp lệ Bước 2: Server tìm nhiệm vụ id=123 trong DB Bước 3: Kiểm tra HTTP status code Bước 4: Kiểm tra body response chứa đầy đủ trường chi tiết | G14: Bước 1: Server nhận yêu cầu Bước 2: Tìm thấy bản ghi Bước 3: Status 200 OK Bước 4: Body chứa: id, title, description, status, location, media[], history[]
A15: TC-API-003 | B15: [GET /api/tasks/:id] Nhiệm vụ không tồn tại — trả về 404 | C15: Trung bình | D15: Nhân viên đã đăng nhập, JWT hợp lệ. ID=99999 KHÔNG tồn tại trong DB. | E15: Authorization: Bearer <JWT>; task_id=99999 | F15: Bước 1: Gửi GET /api/tasks/99999 với JWT hợp lệ Bước 2: Server tìm ID 99999 trong DB, không tìm thấy Bước 3: Kiểm tra HTTP status code Bước 4: Kiểm tra body lỗi | G15: Bước 1: Server nhận yêu cầu Bước 2: Server trả về lỗi not found Bước 3: Status 404 Not Found Bước 4: Body chứa { error: "not_found", message: "..." }
A16: TC-API-004 | B16: [PATCH /api/tasks/:id/status] Cập nhật trạng thái nhiệm vụ thành công — trả về 200 | C16: Rất cao | D16: Nhân viên đã đăng nhập, JWT hợp lệ. Nhiệm vụ ID=123 tồn tại với trạng thái hiện tại là 1 (Đã nhận). | E16: Authorization: Bearer <JWT>; task_id=123; body: { "status": 2 } | F16: Bước 1: Gửi PATCH /api/tasks/123/status với body {"status": 2} và JWT Bước 2: Server cập nhật DB, ghi nhận timestamp thay đổi Bước 3: Kiểm tra HTTP status code Bước 4: Kiểm tra body response | G16: Bước 1: Server nhận yêu cầu Bước 2: Cập nhật thành công Bước 3: Status 200 OK Bước 4: Body chứa: { id: 123, status: 2, updated_at: "<ISO-timestamp>" }
A17: TC-API-005 | B17: [POST /api/tasks/:id/media] Upload ảnh hiện trường thành công — trả về 201 | C17: Cao | D17: Nhân viên đã đăng nhập, JWT hợp lệ. Nhiệm vụ ID=123 tồn tại với status=2. Tệp ảnh JPEG kích thước hợp lệ (< 10MB). | E17: Authorization: Bearer <JWT>; task_id=123; multipart file: image.jpg (2MB, JPEG) | F17: Bước 1: Gửi POST /api/tasks/123/media với Content-Type: multipart/form-data, đính kèm image.jpg Bước 2: Server lưu tệp vào storage, tạo bản ghi media trong DB Bước 3: Kiểm tra HTTP status code Bước 4: Kiểm tra body response | G17: Bước 1: Server nhận tệp upload Bước 2: Xử lý thành công Bước 3: Status 201 Created Bước 4: Body chứa: { media_id, url, type: "image", created_at }
A18: TC-API-006 | B18: [GET /api/notifications] Lấy danh sách thông báo — trả về 200 | C18: Cao | D18: Nhân viên đã đăng nhập, JWT hợp lệ. Có ít nhất 1 thông báo trong DB. | E18: Authorization: Bearer <JWT> | F18: Bước 1: Gửi GET /api/notifications với JWT hợp lệ Bước 2: Server lấy danh sách thông báo của nhân viên từ DB Bước 3: Kiểm tra HTTP status code Bước 4: Kiểm tra body response | G18: Bước 1: Server nhận yêu cầu Bước 2: Truy vấn thành công Bước 3: Status 200 OK Bước 4: Body chứa: { notifications: [...], unread_count: N }, mỗi item có: id, title, body, read, created_at
A19: TC-API-007 | B19: [PUT /api/notifications/:id/read] Đánh dấu thông báo đã đọc — trả về 200 | C19: Trung bình | D19: Nhân viên đã đăng nhập, JWT hợp lệ. Thông báo ID=456 tồn tại với trạng thái chưa đọc (read=false). | E19: Authorization: Bearer <JWT>; notification_id=456 | F19: Bước 1: Gửi PUT /api/notifications/456/read với JWT hợp lệ Bước 2: Server cập nhật DB: read=true, ghi read_at Bước 3: Kiểm tra HTTP status code Bước 4: Kiểm tra body response | G19: Bước 1: Server nhận yêu cầu Bước 2: Cập nhật thành công Bước 3: Status 200 OK Bước 4: Body chứa: { id: 456, read: true, read_at: "<ISO-timestamp>" }

Sheet Dữ liệu test
B2: THƯ VIỆN DỮ LIỆU TEST
B4: Tài khoản test
B5: Tên đăng nhập | C5: Mật khẩu | D5: Vai trò | E5: Phạm vi
B6: admin@test.local | C6: Test@123 | D6: ADMIN | E6: Toàn hệ thống
B7: hqdk01@test.local | C7: Test@123 | D7: HQDK | E7: Cán bộ HQ đăng ký
B8: kiemhoa01@test.local | C8: Test@123 | D8: KIEM_HOA | E8: Cán bộ kiểm hóa
B9: phancong01@test.local | C9: Test@123 | D9: PHAN_CONG | E9: Cán bộ phân công
B10: lanhdao01@test.local | C10: Test@123 | D10: LANH_DAO | E10: Lãnh đạo HQ
B11: giamsat01@test.local | C11: Test@123 | D11: GIAM_SAT | E11: Giám sát KVGS
B13: Boundary value templates
B14: Trường | C14: Giá trị min hợp lệ | D14: Giá trị max hợp lệ | E14: Giá trị vi phạm
B15: Tên hồ sơ | C15: 1 ký tự | D15: 200 ký tự | E15: 0 ký tự / 201 ký tự
B16: Mã hồ sơ | C16: Không có space, A-Z 0-9 | D16: 20 ký tự | E16: Có space / >20 ký tự
B17: Số tiền | C17: 0 VND | D17: 999,999,999,999 VND | E17: Số âm / >max
B18: Email | C18: 1 char + @ + domain | D18: RFC 5321 | E18: Không @ / sai domain
B19: Ngày | C19: 01/01/1900 | D19: 31/12/9999 | E19: 32/13/yyyy / chữ
B21: Tiếng Việt có dấu — test strings
B22: Loại | C22: Sample
B23: NFC normalized | C23: Nguyễn Văn Đỗ
B24: NFD decomposed | C24: Nguyễn Văn Đỗ (decomp)
B25: Mixed | C25: ABC nguyễn xyz Lê 123
B26: Special chars | C26: Q.1, TP.HCM — đường Lê Lợi/Bến Nghé

Sheet _Tra cứu
A1: Index | B1: Modules | C1: TestTypes | D1: Roles | E1: Priorities | F1: Severities | G1: RunStatuses | H1: DefectStatuses
B2: m01 | C2: Smoke | E2: Rất cao | F2: Blocker | G2: Pass | H2: Open | I2: Open
B3: m02 | C3: Functional | E3: Cao | F3: Major | G3: Fail | H3: In-Progress | I3: Assigned
B4: m03 | C4: Regression | E4: Trung bình | F4: Minor | G4: Blocked | H4: Closed | I4: In-Progress
B5: m04 | C5: Boundary | E5: Thấp | F5: Trivial | G5: Skip | H5: Re-Open | I5: Fixed
B6: m05 | C6: Negative | G6: Not-Run | H6: Resolved | I6: Verified
B7: m06 | C7: Security | G7: N/A | I7: Closed
B8: m07 | C8: Performance | I8: Reopened
B9: m08 | C9: UX | I9: Won't Fix
B10: m09 | C10: Compatibility
B11: m10 | C11: Audit
B12: m11
B13: m12
B14: m13
